"idsell";"idinvestiment";"idperson";"idsgcompany";"qtdesell";"dtsell";"prcsell";"tlsell";"sprcaverage";"tax";"lucre";"stptransaction";"stipe";"dtregister"
1;1;4;1;2;"2020-04-24";47.23;94.46;47.23;0.19;0.18;"V";"2";"2021-05-05 08:41:09"
2;3;4;1;2;"2020-04-24";47.28;94.56;47.28;0.64;0.6;"V";"2";"2021-05-05 08:41:58"
3;5;4;1;2;"2020-04-27";48.43;96.86;48.43;3.15;2.96;"V";"1";"2021-05-05 08:41:58"
4;7;5;2;2;"2020-04-27";16.5;33.0;16.5;0.3;0.1;"V";"2";"2021-05-05 08:41:58"
5;9;4;1;2;"2020-04-27";48.6;97.2;48.6;1.02;0.98;"V";"2";"2021-05-05 08:41:58"
6;11;4;1;2;"2020-04-27";48.75;97.5;48.75;0.43;0.42;"V";"2";"2021-05-05 08:41:58"
7;13;4;1;2;"2020-04-27";48.72;97.44;48.72;0.39;0.38;"V";"2";"2021-05-05 08:41:58"
8;15;3;3;2;"2020-04-27";11.69;23.38;11.69;0.52;0.12;"V";"1";"2021-05-05 08:41:58"
9;17;6;4;2;"2020-04-28";26.0;52.0;26.0;-0.73;-0.38;"V";"1";"2021-05-05 08:41:58"
10;19;6;4;2;"2020-11-28";10.51;21.02;10.51;-58.93;-30.16;"V";"1";"2021-05-05 08:41:58"
11;20;3;3;2;"2020-04-29";11.87;23.74;11.87;0.68;0.16;"V";"1";"2021-05-05 08:41:58"
12;22;7;5;2;"2021-05-05";18.74;37.48;18.74;3.59;1.3;"V";"1";"2021-05-05 08:41:58"
13;23;3;3;2;"2020-05-04";11.48;22.96;11.48;0.88;0.2;"V";"1";"2021-05-05 08:41:58"
14;26;4;1;1;"2020-05-06";53.46;53.46;53.46;3.26;1.69;"V";"1";"2021-05-05 08:41:58"
15;27;5;2;2;"2020-05-07";18.54;37.08;18.54;1.09;0.4;"V";"1";"2021-05-05 08:41:58"
16;28;7;5;2;"2020-05-07";19.55;39.1;19.55;4.32;1.62;"V";"1";"2021-05-05 08:41:58"
17;29;3;3;2;"2020-05-07";12.18;24.36;12.18;1.5;0.36;"V";"1";"2021-05-05 08:41:58"
18;30;5;2;2;"2020-05-08";18.85;37.7;18.85;3.12;1.14;"V";"2";"2021-05-05 08:41:58"
19;31;4;1;1;"2020-05-07";56.26;56.26;56.26;4.48;2.41;"V";"2";"2021-05-05 08:41:58"
20;32;5;2;2;"2020-05-08";18.85;37.7;18.85;3.46;1.26;"V";"2";"2021-05-05 08:41:58"
21;33;3;3;2;"2020-05-07";12.18;24.36;12.18;3.92;0.92;"V";"2";"2021-05-05 08:41:58"
22;34;3;3;2;"2020-05-08";11.92;23.84;11.92;3.38;0.78;"V";"1";"2021-05-05 08:41:58"
23;39;5;2;2;"2020-05-08";19.43;38.86;19.43;2.86;1.08;"V";"1";"2021-05-05 08:41:58"
24;40;3;3;2;"2020-05-08";12.03;24.06;12.03;1.95;0.46;"V";"1";"2021-05-05 08:41:58"
25;41;3;3;2;"2020-05-08";12.03;24.06;12.03;0.92;0.22;"V";"1";"2021-05-05 08:41:58"
26;42;4;1;1;"2020-05-12";56.39;56.39;56.39;1.24;0.69;"V";"2";"2021-05-05 08:41:58"
27;48;4;1;1;"2020-05-12";56.39;56.39;56.39;1.62;0.9;"V";"1";"2021-05-05 08:41:58"
28;49;3;3;2;"2020-05-18";12.18;24.36;12.18;-0.25;-0.06;"V";"1";"2021-05-05 08:41:58"
29;50;8;6;2;"2020-05-15";22.9;45.8;22.9;0.7;0.32;"V";"2";"2021-05-05 08:41:58"
30;51;8;6;2;"2020-05-15";22.9;45.8;22.9;2.69;1.2;"V";"2";"2021-05-05 08:41:58"
31;52;8;6;2;"2020-05-15";22.9;45.8;22.9;4.38;1.92;"V";"2";"2021-05-05 08:41:58"
32;53;4;1;1;"2020-05-18";56.24;56.24;56.24;2.27;1.25;"V";"2";"2021-05-05 08:41:58"
33;55;3;3;3;"2020-05-18";12.18;36.54;12.18;4.55;1.59;"V";"1";"2021-05-05 08:41:58"
34;56;8;6;2;"2020-05-18";23.27;46.54;23.27;1.31;0.6;"V";"2";"2021-05-05 08:41:58"
35;58;3;3;2;"2020-05-18";12.34;24.68;12.34;3.18;0.76;"V";"2";"2021-05-05 08:41:58"
36;59;3;3;2;"2020-05-18";12.34;24.68;12.34;-0.4;-0.1;"V";"2";"2021-05-05 08:41:58"
37;60;4;1;1;"2020-05-19";56.83;56.83;56.83;1.59;0.89;"V";"2";"2021-05-05 08:41:58"
38;61;4;1;1;"2020-05-19";56.83;56.83;56.83;2.19;1.22;"V";"1";"2021-05-05 08:41:58"
39;62;7;5;2;"2020-05-19";20.49;40.98;20.49;1.69;0.68;"V";"1";"2021-05-05 08:41:58"
40;63;7;5;2;"2020-05-19";20.55;41.1;20.55;2.8;1.12;"V";"1";"2021-05-05 08:41:58"
41;64;7;5;2;"2020-05-19";20.49;40.98;20.49;-0.92;-0.38;"V";"2";"2021-05-05 08:41:58"
42;70;9;7;2;"2020-05-20";14.37;28.74;14.37;4.43;1.22;"V";"1";"2021-05-05 08:41:58"
43;71;7;5;2;"2020-05-20";20.42;40.84;20.42;1.85;0.74;"V";"2";"2021-05-05 08:41:58"
44;72;7;5;2;"2020-05-20";20.42;40.84;20.42;1.74;0.7;"V";"2";"2021-05-05 08:41:58"
45;73;8;6;1;"2020-05-20";24.41;24.41;24.41;0.95;0.23;"V";"2";"2021-05-05 08:41:58"
46;74;8;6;2;"2020-05-20";24.41;48.82;24.41;2.39;1.14;"V";"2";"2021-05-05 08:41:58"
47;75;8;6;2;"2020-05-20";24.41;48.82;24.41;2.31;1.1;"V";"2";"2021-05-05 08:41:58"
48;76;9;7;1;"2020-05-20";14.5;14.5;14.5;0.55;0.08;"V";"1";"2021-05-05 08:41:58"
49;77;9;7;2;"2020-05-20";14.5;29.0;14.5;5.76;1.58;"V";"1";"2021-05-05 08:41:58"
50;78;3;3;1;"2020-05-20";12.13;12.13;12.13;-0.08;-0.01;"V";"1";"2021-05-05 08:41:58"
51;83;3;3;2;"2020-05-20";12.13;24.26;12.13;1.42;0.34;"V";"2";"2021-05-05 08:41:58"
52;84;4;1;1;"2020-05-21";58.54;58.54;58.54;1.84;1.06;"V";"1";"2021-05-05 08:41:58"
53;85;8;6;1;"2020-05-22";24.13;24.13;24.13;-0.66;-0.16;"V";"2";"2021-05-05 08:41:58"
54;86;8;6;2;"2020-05-22";24.13;48.26;24.13;1.69;0.8;"V";"2";"2021-05-05 08:41:58"
55;87;8;6;2;"2020-05-22";24.13;48.26;24.13;2.12;1.0;"V";"2";"2021-05-05 08:41:58"
56;88;5;2;1;"2020-05-25";20.38;20.38;20.38;1.09;0.22;"V";"1";"2021-05-05 08:41:58"
57;89;7;5;2;"2020-07-01";20.2;40.4;20.2;0.1;0.04;"V";"2";"2021-05-05 08:41:58"
58;90;7;5;1;"2020-07-01";20.2;20.2;20.2;3.32;0.65;"V";"2";"2021-05-05 08:41:58"
59;95;4;1;2;"2020-05-21";58.54;117.08;58.54;1.37;1.58;"V";"2";"2021-05-05 08:41:58"
60;96;8;6;2;"2020-05-20";24.13;48.26;24.13;3.34;1.56;"V";"2";"2021-05-05 08:41:58"
61;97;5;8;2;"2020-05-25";19.54;39.08;19.54;-0.1;-0.04;"V";"1";"2021-05-05 08:41:58"
62;98;5;8;2;"2020-05-25";19.54;39.08;19.54;1.24;0.48;"V";"1";"2021-05-05 08:41:58"
63;99;5;2;2;"2020-05-25";20.38;40.76;20.38;2.31;0.92;"V";"1";"2021-05-05 08:41:58"
64;100;10;9;1;"2020-05-25";6.92;6.92;6.92;6.13;0.4;"V";"1";"2021-05-05 08:41:58"
65;101;3;3;4;"2020-05-25";12.12;48.48;12.12;2.19;1.04;"V";"1";"2021-05-05 08:41:58"
66;102;3;3;1;"2020-05-25";12.12;12.12;12.12;2.54;0.3;"V";"1";"2021-05-05 08:41:58"
67;103;7;5;2;"2020-07-01";20.2;40.4;20.2;3.54;1.38;"V";"1";"2021-05-05 08:41:58"
68;104;7;5;2;"2020-07-01";20.2;40.4;20.2;5.48;2.1;"V";"1";"2021-05-05 08:41:58"
69;105;9;7;2;"2020-06-02";16.25;32.5;16.25;0.49;0.16;"V";"1";"2021-05-05 08:41:58"
70;106;9;7;2;"2020-06-02";16.25;32.5;16.25;4.37;1.36;"V";"1";"2021-05-05 08:41:58"
71;108;5;8;2;"2020-05-25";19.54;39.08;19.54;5.0;1.86;"V";"1";"2021-05-05 08:41:58"
72;109;5;2;2;"2020-05-25";20.38;40.76;20.38;4.35;1.7;"V";"1";"2021-05-05 08:41:59"
73;110;9;7;6;"2020-06-02";16.25;97.5;16.25;9.5;8.46;"V";"1";"2021-05-05 08:41:59"
74;112;11;10;2;"2020-05-27";38.64;77.28;38.64;2.11;1.6;"V";"1";"2021-05-05 08:41:59"
75;113;11;10;4;"2020-05-27";38.64;154.56;38.64;2.03;3.08;"V";"1";"2021-05-05 08:41:59"
76;114;11;10;1;"2020-05-27";38.64;38.64;38.64;2.06;0.78;"V";"1";"2021-05-05 08:41:59"
77;115;11;10;3;"2020-05-27";38.83;116.49;38.83;2.56;2.91;"V";"1";"2021-05-05 08:41:59"
78;116;7;5;4;"2020-07-01";20.2;80.8;20.2;7.05;5.32;"V";"1";"2021-05-05 08:41:59"
79;117;9;7;8;"2020-06-02";16.5;132.0;16.5;11.64;13.76;"V";"1";"2021-05-05 08:41:59"
80;118;9;7;2;"2020-06-02";16.5;33.0;16.5;7.7;2.36;"V";"1";"2021-05-05 08:41:59"
81;123;11;10;4;"2020-05-27";38.83;155.32;38.83;4.66;6.92;"V";"1";"2021-05-05 08:41:59"
82;124;10;9;2;"2020-05-27";7.02;14.04;7.02;1.3;0.18;"V";"2";"2021-05-05 08:41:59"
83;125;10;9;10;"2020-05-27";7.02;70.2;7.02;5.09;3.4;"V";"2";"2021-05-05 08:41:59"
84;126;13;11;2;"2020-05-27";53.5;107.0;53.5;2.92;3.04;"V";"2";"2021-05-05 08:41:59"
85;127;10;9;2;"2020-05-27";7.24;14.48;7.24;2.12;0.3;"V";"2";"2021-05-05 08:41:59"
86;128;13;11;1;"2020-05-28";53.5;53.5;53.5;0.91;0.48;"V";"2";"2021-05-05 08:41:59"
87;129;5;8;2;"2020-05-29";19.89;39.78;19.89;1.9;0.74;"V";"1";"2021-05-05 08:41:59"
88;130;8;6;1;"2020-06-01";29.2;29.2;29.2;1.04;0.3;"V";"1";"2021-05-05 08:41:59"
89;131;8;6;2;"2020-06-01";29.2;58.4;29.2;1.49;0.86;"V";"1";"2021-05-05 08:41:59"
90;132;9;7;4;"2020-06-02";16.5;66.0;16.5;12.7;7.44;"V";"1";"2021-05-05 08:41:59"
91;133;9;7;4;"2020-06-02";16.5;66.0;16.5;14.66;8.44;"V";"1";"2021-05-05 08:41:59"
92;134;9;7;4;"2020-06-02";16.5;66.0;16.5;13.4;7.8;"V";"1";"2021-05-05 08:41:59"
93;135;4;1;1;"2020-06-17";67.2;67.2;67.2;0.04;0.03;"V";"1";"2021-05-05 08:41:59"
94;136;5;2;2;"2020-05-28";20.79;41.58;20.79;2.21;0.9;"V";"1";"2021-05-05 08:41:59"
95;142;13;11;1;"2020-05-28";53.5;53.5;53.5;3.2;1.66;"V";"2";"2021-05-05 08:41:59"
96;143;14;12;1;"2020-05-29";22.0;22.0;22.0;0.73;0.16;"V";"1";"2021-05-05 08:41:59"
97;144;10;9;5;"2020-05-29";7.7;38.5;7.7;8.76;3.1;"V";"2";"2021-05-05 08:41:59"
98;145;3;3;1;"2020-06-02";13.2;13.2;13.2;-0.83;-0.11;"V";"1";"2021-05-05 08:41:59"
99;146;3;3;2;"2020-06-02";13.2;26.4;13.2;0.76;0.2;"V";"1";"2021-05-05 08:41:59"
100;147;4;1;1;"2020-06-17";67.2;67.2;67.2;3.15;2.05;"V";"1";"2021-05-05 08:41:59"
101;148;11;10;2;"2020-06-17";38.85;77.7;38.85;-0.15;-0.12;"V";"1";"2021-05-05 08:41:59"
102;150;10;9;2;"2020-05-29";7.47;14.94;7.47;1.49;0.22;"V";"2";"2021-05-05 08:41:59"
103;151;13;11;2;"2020-05-29";53.0;106.0;53.0;2.32;2.4;"V";"1";"2021-05-05 08:41:59"
104;152;10;9;2;"2020-05-29";7.8;15.6;7.8;12.39;1.72;"V";"2";"2021-05-05 08:41:59"
105;153;10;9;2;"2020-05-29";7.47;14.94;7.47;-1.45;-0.22;"V";"2";"2021-05-05 08:41:59"
106;154;10;9;3;"2020-05-29";8.1;24.3;8.1;10.05;2.22;"V";"1";"2021-05-05 08:41:59"
107;155;8;6;2;"2020-06-01";29.2;58.4;29.2;4.66;2.6;"V";"1";"2021-05-05 08:41:59"
108;156;10;9;2;"2020-06-02";8.1;16.2;8.1;8.29;1.24;"V";"2";"2021-05-05 08:41:59"
109;157;10;9;6;"2020-06-02";8.1;48.6;8.1;8.29;3.72;"V";"1";"2021-05-05 08:41:59"
110;158;3;3;3;"2020-06-02";13.2;39.6;13.2;7.32;2.7;"V";"1";"2021-05-05 08:41:59"
111;159;11;10;2;"2020-06-17";38.85;77.7;38.85;3.3;2.48;"V";"1";"2021-05-05 08:41:59"
112;160;4;1;2;"2020-06-17";67.2;134.4;67.2;4.48;5.76;"V";"1";"2021-05-05 08:41:59"
113;167;10;9;5;"2020-06-02";8.1;40.5;8.1;11.72;4.25;"V";"1";"2021-05-05 08:41:59"
114;168;4;1;1;"2020-06-17";67.2;67.2;67.2;4.67;3.0;"V";"1";"2021-05-05 08:41:59"
115;171;15;13;2;"2020-06-04";6.79;13.58;6.79;8.99;1.12;"V";"1";"2021-05-05 08:41:59"
116;172;4;1;1;"2020-06-17";67.2;67.2;67.2;5.41;3.45;"V";"1";"2021-05-05 08:41:59"
117;173;4;1;1;"2020-06-17";67.2;67.2;67.2;5.93;3.76;"V";"1";"2021-05-05 08:41:59"
118;174;13;11;2;"2020-06-17";56.1;112.2;56.1;3.49;3.78;"V";"1";"2021-05-05 08:41:59"
119;177;9;7;1;"2020-06-08";25.5;25.5;25.5;35.71;6.71;"V";"1";"2021-05-05 08:41:59"
120;179;16;14;10;"2020-06-08";1.25;12.5;1.25;4.17;0.5;"V";"1";"2021-05-05 08:41:59"
121;180;11;10;2;"2020-06-17";38.85;77.7;38.85;2.45;1.86;"V";"1";"2021-05-05 08:41:59"
122;181;13;11;2;"2020-06-17";56.1;112.2;56.1;2.19;2.4;"V";"1";"2021-05-05 08:41:59"
123;182;9;7;1;"2020-06-08";26.25;26.25;26.25;39.7;7.46;"V";"1";"2021-05-05 08:41:59"
124;183;17;15;2;"2020-06-08";21.4;42.8;21.4;24.35;8.38;"V";"1";"2021-05-05 08:41:59"
125;184;17;15;1;"2020-06-08";21.4;21.4;21.4;24.56;4.22;"V";"1";"2021-05-05 08:41:59"
126;185;17;15;2;"2020-06-08";23.05;46.1;23.05;35.99;12.2;"V";"1";"2021-05-05 08:41:59"
127;186;17;15;1;"2020-06-08";23.17;23.17;23.17;34.87;5.99;"V";"1";"2021-05-05 08:41:59"
128;187;4;1;1;"2020-06-17";67.2;67.2;67.2;8.6;5.32;"V";"1";"2021-05-05 08:41:59"
129;189;13;11;2;"2020-06-17";56.1;112.2;56.1;5.45;5.8;"V";"1";"2021-05-05 08:41:59"
130;190;11;10;2;"2020-06-17";38.85;77.7;38.85;2.1;1.6;"V";"1";"2021-05-05 08:41:59"
131;191;11;10;2;"2020-06-17";38.85;77.7;38.85;3.05;2.3;"V";"1";"2021-05-05 08:41:59"
132;192;8;6;2;"2020-06-17";31.81;63.62;31.81;5.86;3.52;"V";"1";"2021-05-05 08:41:59"
133;199;8;6;2;"2020-06-17";32.05;64.1;32.05;5.85;3.54;"V";"1";"2021-05-05 08:41:59"
134;200;17;15;2;"2020-06-10";20.65;41.3;20.65;-9.03;-4.1;"V";"1";"2021-05-05 08:41:59"
135;201;10;9;2;"2020-12-03";8.8;17.6;8.8;-13.64;-2.78;"V";"1";"2021-05-05 08:41:59"
136;202;17;15;2;"2020-06-10";20.65;41.3;20.65;-13.24;-6.3;"V";"1";"2021-05-05 08:41:59"
137;203;9;7;2;"2020-08-12";24.4;48.8;24.4;-7.29;-3.84;"V";"1";"2021-05-05 08:41:59"
138;204;10;9;1;"2020-12-03";8.8;8.8;8.8;-7.56;-0.72;"V";"1";"2021-05-05 08:41:59"
139;205;18;16;5;"2020-07-07";9.05;45.25;9.05;6.47;2.75;"V";"1";"2021-05-05 08:41:59"
140;206;17;15;5;"2020-06-15";21.97;109.85;21.97;20.52;18.7;"V";"1";"2021-05-05 08:41:59"
141;207;9;7;2;"2020-08-12";24.4;48.8;24.4;13.49;5.8;"V";"1";"2021-05-05 08:41:59"
142;208;10;9;5;"2020-12-03";8.8;44.0;8.8;2.92;1.25;"V";"1";"2021-05-05 08:41:59"
143;209;18;16;5;"2020-07-10";8.96;44.8;8.96;4.92;2.1;"V";"1";"2021-05-05 08:41:59"
144;210;17;15;5;"2020-06-15";21.97;109.85;21.97;17.3;16.2;"V";"1";"2021-05-05 08:41:59"
145;211;9;7;5;"2020-08-12";24.4;122.0;24.4;6.13;7.05;"V";"1";"2021-05-05 08:41:59"
146;212;10;9;5;"2020-12-03";8.8;44.0;8.8;-0.23;-0.1;"V";"1";"2021-05-05 08:41:59"
147;216;8;6;1;"2020-06-30";31.45;31.45;31.45;4.31;1.3;"V";"1";"2021-05-05 08:41:59"
148;218;8;6;4;"2020-06-30";31.45;125.8;31.45;4.31;5.2;"V";"1";"2021-05-05 08:41:59"
149;219;3;3;3;"2020-07-01";14.06;42.18;14.06;2.03;0.84;"V";"1";"2021-05-05 08:41:59"
150;220;8;6;5;"2020-06-30";31.45;157.25;31.45;3.97;6.0;"V";"1";"2021-05-05 08:41:59"
151;221;9;7;5;"2020-08-12";24.5;122.5;24.5;15.84;16.75;"V";"1";"2021-05-05 08:41:59"
152;222;17;15;5;"2020-09-04";19.8;99.0;19.8;6.62;6.15;"V";"1";"2021-05-05 08:41:59"
153;223;10;9;5;"2020-12-03";8.8;44.0;8.8;4.14;1.75;"V";"1";"2021-05-05 08:41:59"
154;224;9;7;5;"2020-08-12";24.5;122.5;24.5;16.22;17.1;"V";"1";"2021-05-05 08:41:59"
155;225;17;15;5;"2020-09-04";19.8;99.0;19.8;6.62;6.15;"V";"1";"2021-05-05 08:41:59"
156;226;10;9;5;"2020-12-03";8.8;44.0;8.8;2.56;1.1;"V";"1";"2021-05-05 08:41:59"
157;227;3;3;5;"2020-07-01";14.06;70.3;14.06;3.53;2.4;"V";"1";"2021-05-05 08:41:59"
158;228;8;6;2;"2020-06-30";31.5;63.0;31.5;5.0;3.0;"V";"1";"2021-05-05 08:41:59"
159;229;9;7;5;"2020-08-12";24.5;122.5;24.5;16.5;17.35;"V";"1";"2021-05-05 08:41:59"
160;230;10;9;5;"2020-12-03";8.8;44.0;8.8;8.51;3.45;"V";"1";"2021-05-05 08:41:59"
161;233;3;3;8;"2020-07-01";14.51;116.08;14.51;-0.21;-0.24;"V";"1";"2021-05-05 08:41:59"
162;234;10;9;3;"2020-12-03";8.8;26.4;8.8;8.51;2.07;"V";"1";"2021-05-05 08:41:59"
163;238;10;9;4;"2020-12-03";8.8;35.2;8.8;8.64;2.8;"V";"1";"2021-05-05 08:41:59"
164;239;8;6;1;"2020-07-27";39.1;39.1;39.1;8.97;3.22;"V";"1";"2021-05-05 08:41:59"
165;240;19;17;5;"2020-07-16";4.48;22.4;4.48;5.66;1.2;"V";"1";"2021-05-05 08:41:59"
166;243;8;6;2;"2020-07-27";39.1;78.2;39.1;9.13;6.54;"V";"1";"2021-05-05 08:41:59"
167;244;8;6;2;"2020-07-27";39.1;78.2;39.1;9.62;6.86;"V";"1";"2021-05-05 08:41:59"
168;245;10;9;5;"2020-12-03";8.8;44.0;8.8;8.78;3.55;"V";"1";"2021-05-05 08:41:59"
169;246;19;17;5;"2020-07-16";4.48;22.4;4.48;7.69;1.6;"V";"1";"2021-05-05 08:41:59"
170;247;19;17;5;"2020-07-16";4.48;22.4;4.48;11.44;2.3;"V";"1";"2021-05-05 08:41:59"
171;248;15;13;2;"2020-07-16";9.1;18.2;9.1;2.36;0.42;"V";"1";"2021-05-05 08:41:59"
172;249;3;3;4;"2020-07-22";15.0;60.0;15.0;8.15;4.52;"V";"1";"2021-05-05 08:41:59"
173;250;19;17;5;"2020-07-16";4.48;22.4;4.48;13.42;2.65;"V";"1";"2021-05-05 08:41:59"
174;251;15;13;20;"2020-07-16";9.1;182.0;9.1;5.08;8.8;"V";"1";"2021-05-05 08:41:59"
175;253;8;6;2;"2020-07-27";39.1;78.2;39.1;10.95;7.72;"V";"1";"2021-05-05 08:41:59"
176;254;20;18;10;"2020-06-30";2.43;24.3;2.43;-5.45;-1.4;"V";"1";"2021-05-05 08:41:59"
177;255;20;18;99;"2020-08-24";2.33;230.67;2.33;-8.98;-22.77;"V";"1";"2021-05-05 08:41:59"
178;256;19;17;10;"2020-09-08";5.3;53.0;5.3;-3.64;-2.0;"V";"1";"2021-05-05 08:41:59"
179;259;20;18;5;"2020-12-14";2.6;13.0;2.6;7.44;0.9;"V";"1";"2021-05-05 08:41:59"
180;260;15;13;5;"2020-07-28";9.06;45.3;9.06;2.95;1.3;"V";"1";"2021-05-05 08:41:59"
181;261;20;18;45;"2020-07-30";2.15;96.75;2.15;-11.16;-12.15;"V";"1";"2021-05-05 08:41:59"
182;262;15;13;2;"2020-07-28";9.06;18.12;9.06;11.71;1.9;"V";"1";"2021-05-05 08:41:59"
183;263;18;16;10;"2020-08-25";8.25;82.5;8.25;1.35;1.1;"V";"1";"2021-05-05 08:41:59"
184;264;19;17;10;"2020-09-08";5.3;53.0;5.3;1.15;0.6;"V";"1";"2021-05-05 08:41:59"
185;265;20;18;50;"2020-12-14";2.6;130.0;2.6;16.07;18.0;"V";"1";"2021-05-05 08:41:59"
186;267;15;13;7;"2020-07-28";9.06;63.42;9.06;0.55;0.35;"V";"1";"2021-05-05 08:41:59"
187;268;21;19;5;"2020-11-26";19.15;95.75;19.15;0.79;0.75;"V";"1";"2021-05-05 08:41:59"
188;269;18;16;10;"2020-08-25";8.25;82.5;8.25;5.5;4.3;"V";"1";"2021-05-05 08:41:59"
189;270;19;17;5;"2020-09-08";5.3;26.5;5.3;2.12;0.55;"V";"1";"2021-05-05 08:41:59"
190;273;19;17;10;"2020-09-08";5.3;53.0;5.3;7.07;3.5;"V";"1";"2021-05-05 08:41:59"
191;274;3;3;5;"2020-09-17";13.12;65.6;13.12;-5.68;-3.95;"V";"1";"2021-05-05 08:41:59"
192;275;15;13;0;"";0.0;0.0;0.0;0.0;0.0;"V";"1";"2021-05-05 08:41:59"
193;276;19;17;2;"2020-09-08";5.3;10.6;5.3;12.77;1.2;"V";"1";"2021-05-05 08:41:59"
194;277;8;6;2;"2020-08-21";34.4;68.8;34.4;-3.37;-2.4;"V";"1";"2021-05-05 08:41:59"
195;278;3;3;5;"2020-09-17";13.12;65.6;13.12;-1.87;-1.25;"V";"1";"2021-05-05 08:41:59"
196;279;15;13;0;"";0.0;0.0;0.0;0.0;0.0;"V";"1";"2021-05-05 08:41:59"
197;281;8;6;2;"2020-08-21";34.4;68.8;34.4;0.47;0.32;"V";"1";"2021-05-05 08:41:59"
198;282;15;13;0;"";0.0;0.0;0.0;0.0;0.0;"V";"1";"2021-05-05 08:41:59"
199;283;8;6;2;"2020-08-21";34.4;68.8;34.4;2.69;1.8;"V";"1";"2021-05-05 08:41:59"
200;284;8;6;3;"2020-08-21";34.4;103.2;34.4;8.86;8.4;"V";"1";"2021-05-05 08:41:59"
201;285;22;20;20;"2020-08-25";15.2;304.0;15.2;3.61;10.6;"V";"1";"2021-05-05 08:41:59"
202;286;23;21;10;"2020-08-28";27.47;274.7;27.47;3.04;8.1;"V";"1";"2021-05-05 08:41:59"
203;287;17;15;10;"2020-09-04";19.8;198.0;19.8;6.62;12.3;"V";"1";"2021-05-05 08:41:59"
204;288;24;22;4;"2020-09-08";28.85;115.4;28.85;1.94;2.2;"V";"1";"2021-05-05 08:41:59"
205;289;24;23;6;"2020-11-05";9.95;59.7;9.95;4.74;2.7;"V";"1";"2021-05-05 08:41:59"
206;290;15;13;0;"";0.0;0.0;0.0;0.0;0.0;"V";"1";"2021-05-05 08:41:59"
207;291;23;21;10;"2020-08-28";27.55;275.5;27.55;4.71;12.4;"V";"1";"2021-05-05 08:41:59"
208;292;3;3;10;"2020-09-17";13.12;131.2;13.12;2.74;3.5;"V";"1";"2021-05-05 08:41:59"
209;293;6;4;10;"2020-11-28";10.51;105.1;10.51;-6.99;-7.9;"V";"1";"2021-05-05 08:41:59"
210;296;24;22;10;"2020-09-08";28.85;288.5;28.85;2.2;6.2;"V";"1";"2021-05-05 08:41:59"
211;298;15;13;0;"";0.0;0.0;0.0;0.0;0.0;"V";"1";"2021-05-05 08:41:59"
212;299;15;13;0;"";0.0;0.0;0.0;0.0;0.0;"V";"1";"2021-05-05 08:41:59"
213;302;15;13;0;"";0.0;0.0;0.0;0.0;0.0;"V";"1";"2021-05-05 08:41:59"
214;305;23;21;2;"2020-09-03";27.8;55.6;27.8;3.35;1.8;"V";"1";"2021-05-05 08:41:59"
215;306;24;23;20;"2020-11-05";9.95;199.0;9.95;4.85;9.2;"V";"1";"2021-05-05 08:41:59"
216;307;10;9;20;"2020-12-03";8.8;176.0;8.8;18.92;28.0;"V";"1";"2021-05-05 08:41:59"
217;308;15;13;0;"";0.0;0.0;0.0;0.0;0.0;"V";"1";"2021-05-05 08:41:59"
218;311;21;19;7;"2020-11-26";19.15;134.05;19.15;1.86;2.45;"V";"1";"2021-05-05 08:41:59"
219;312;23;21;5;"2020-11-09";26.75;133.75;26.75;-0.19;-0.25;"V";"1";"2021-05-05 08:41:59"
220;314;3;3;20;"2020-09-17";13.12;262.4;13.12;6.06;15.0;"V";"1";"2021-05-05 08:41:59"
221;315;21;19;10;"2020-11-26";19.15;191.5;19.15;5.28;9.6;"V";"1";"2021-05-05 08:41:59"
222;316;23;21;5;"2020-11-09";26.75;133.75;26.75;0.0;0.0;"V";"1";"2021-05-05 08:41:59"
223;317;23;21;5;"2020-11-09";26.75;133.75;26.75;0.75;1.0;"V";"1";"2021-05-05 08:41:59"
224;320;21;19;8;"2020-11-26";19.15;153.2;19.15;5.8;8.4;"V";"1";"2021-05-05 08:41:59"
225;321;23;21;2;"2020-11-09";26.75;53.5;26.75;1.52;0.8;"V";"1";"2021-05-05 08:41:59"
226;322;26;24;10;"2021-04-16";17.15;171.5;17.15;-2.83;-5.0;"V";"1";"2021-05-05 08:41:59"
227;323;22;20;10;"2020-10-19";15.3;153.0;15.3;3.87;5.7;"V";"1";"2021-05-05 08:41:59"
228;324;23;21;5;"2020-11-09";26.75;133.75;26.75;4.0;5.15;"V";"1";"2021-05-05 08:41:59"
229;325;26;24;12;"2021-04-16";17.15;205.8;17.15;-0.17;-0.36;"V";"1";"2021-05-05 08:41:59"
230;326;26;24;30;"2021-04-16";17.15;514.5;17.15;2.27;11.4;"V";"1";"2021-05-05 08:41:59"
231;327;23;21;5;"2020-11-16";27.5;137.5;27.5;6.92;8.9;"V";"1";"2021-05-05 08:41:59"
232;328;22;20;2;"2020-10-19";15.3;30.6;15.3;3.66;1.08;"V";"1";"2021-05-05 08:41:59"
233;329;23;21;15;"2020-11-16";27.5;412.5;27.5;8.7;33.0;"V";"1";"2021-05-05 08:41:59"
234;330;26;24;20;"2021-04-16";17.15;343.0;17.15;10.43;32.4;"V";"1";"2021-05-05 08:41:59"
235;331;26;24;33;"2021-04-16";17.15;565.95;17.15;21.12;98.67;"V";"1";"2021-05-05 08:41:59"
236;334;21;19;10;"2020-11-26";19.15;191.5;19.15;0.79;1.5;"V";"1";"2021-05-05 08:41:59"
237;336;21;19;10;"2020-11-26";19.15;191.5;19.15;1.86;3.5;"V";"1";"2021-05-05 08:41:59"
238;337;21;19;10;"2020-11-26";19.15;191.5;19.15;2.96;5.5;"V";"1";"2021-05-05 08:41:59"
239;338;21;19;10;"2020-11-26";19.15;191.5;19.15;5.22;9.5;"V";"1";"2021-05-05 08:41:59"
240;340;21;19;7;"2020-11-26";19.15;134.05;19.15;6.39;8.05;"V";"1";"2021-05-05 08:41:59"
241;341;22;20;10;"2020-11-26";16.1;161.0;16.1;3.87;6.0;"V";"1";"2021-05-05 08:41:59"
242;342;21;19;20;"2020-11-26";19.15;383.0;19.15;8.19;29.0;"V";"1";"2021-05-05 08:41:59"
243;346;21;19;0;"";0.0;0.0;0.0;0.0;0.0;"V";"1";"2021-05-05 08:41:59"
244;348;3;3;10;"2020-12-02";14.9;149.0;14.9;4.93;7.0;"V";"1";"2021-05-05 08:41:59"
245;349;21;19;0;"";0.0;0.0;0.0;0.0;0.0;"V";"1";"2021-05-05 08:41:59"
246;350;21;19;0;"";0.0;0.0;0.0;0.0;0.0;"V";"1";"2021-05-05 08:41:59"
247;351;27;25;10;"2020-12-16";26.7;267.0;26.7;3.89;10.0;"V";"1";"2021-05-05 08:41:59"
248;352;21;19;0;"";0.0;0.0;0.0;0.0;0.0;"V";"1";"2021-05-05 08:41:59"
249;353;3;3;10;"2020-12-10";15.6;156.0;15.6;6.85;10.0;"V";"1";"2021-05-05 08:41:59"
250;354;27;25;10;"2020-12-16";26.7;267.0;26.7;6.59;16.5;"V";"1";"2021-05-05 08:41:59"
252;361;23;21;10;"2021-01-14";30.3;303.0;30.3;2.71;8.0;"V";"1";"2021-05-05 08:41:59"
254;363;23;21;10;"2021-01-14";30.3;303.0;30.3;6.69;19.0;"V";"1";"2021-05-05 08:41:59"
255;364;21;19;0;"";0.0;0.0;0.0;0.0;0.0;"V";"1";"2021-05-05 08:41:59"
256;366;23;21;0;"";0.0;0.0;0.0;0.0;0.0;"V";"1";"2021-05-05 08:41:59"
257;367;24;23;12;"2021-05-04";14.5;174.0;14.5;31.82;42.0;"V";"1";"2021-05-05 08:41:59"
258;368;24;26;0;"";0.0;0.0;0.0;0.0;0.0;"V";"1";"2021-05-05 08:41:59"
270;374;17;27;2;"2021-05-07";2.56;5.12;2.56;36.9;1.38;"V";"1";"2021-06-03 05:57:30"
271;381;17;28;200;"2021-05-14";1.18;236.0;1.18;7.27;16.0;"V";"1";"2021-06-04 05:54:04"
272;382;17;28;400;"2021-05-14";1.18;472.0;1.18;68.57;192.0;"V";"1";"2021-06-04 06:13:36"
273;383;17;28;200;"2021-01-14";1.2;240.0;1.2;84.62;110.0;"V";"1";"2021-06-04 06:13:48"
274;360;17;15;10;"2021-05-26";26.6;266.0;26.6;1.92;5.0;"V";"1";"2021-06-07 20:30:48"
275;362;17;15;10;"2021-05-26";26.6;266.0;26.6;5.98;15.0;"V";"1";"2021-06-08 04:49:40"
276;380;17;15;20;"2021-05-26";26.6;532.0;26.6;16.92;77.0;"V";"1";"2021-06-08 04:51:12"
